<?xml version="1.0" encoding="utf-8"?>
<litepal>
    <dbname value="ksyl" />
    <version value="2" />
    <list>
        <mapping class ="com.ksmobile.app.database.UrlData" />
        <mapping class ="com.ksmobile.app.database.WashCodeRecord" />
        <mapping class ="com.ivi.library.statistics.models.GlobalBean" />
        <mapping class ="com.ivi.library.statistics.models.T3sAppInitBean" />
        <mapping class ="com.ivi.library.statistics.models.T3sAppPageBean" />
        <mapping class ="com.ivi.library.statistics.models.T3sAppRequestBean" />
        <mapping class ="com.ivi.library.statistics.models.T3sAppBrowserBean" />
        <mapping class ="com.ivi.library.statistics.models.T3sAppAgqjBean" />
        <mapping class ="com.ivi.library.statistics.models.T3sAppExitBean" />

    </list>
    <storage value="external" />
</litepal>
