{
  "project_info": {
    "project_number": "466186103587",
    "firebase_url": "https://huanya-android.firebaseio.com",
    "project_id": "huanya-android",
    "storage_bucket": "huanya-android.appspot.com"
  },
  "client": [
    {
      "client_info": {
        "mobilesdk_app_id": "1:466186103587:android:fecaecfc0e7abe3c",
        "android_client_info": {
          "package_name": "com.ultimate.ag.a03"
        }
      },
      "oauth_client": [
        {
          "client_id": "466186103587-p3ojf27mdmcn1mue595uuqcc1vb94n78.apps.googleusercontent.com",
          "client_type": 3
        }
      ],
      "api_key": [
        {
          "current_key": "AIzaSyB0hlnXKsV4qN0WhTME4u5e3HFoi5HNs8g"
        }
      ],
      "services": {
        "analytics_service": {
          "status": 1
        },
        "appinvite_service": {
          "status": 1,
          "other_platform_oauth_client": []
        },
        "ads_service": {
          "status": 2
        }
      }
    }
  ],
  "configuration_version": "1"
}