<?xml version="1.0" encoding="utf-8"?><!--daili prod-->
<config>
    <configure_rest_server_protocol type="string">http</configure_rest_server_protocol>
    <configure_rest_server_address type="string">218.213.95.77</configure_rest_server_address>
    <configure_rest_server_port type="integer">9080</configure_rest_server_port>
    <configure_sip_server_address type="string">218.213.95.77</configure_sip_server_address>
    <configure_sip_server_port type="integer">9060</configure_sip_server_port>
    <configure_orgName type="string">dtezbxlnbnnxeg</configure_orgName>
    <configure_appName type="string">daili</configure_appName>
    <configure_transport type="string">tcp</configure_transport>
    <!--<configure_transport type="string">tls</configure_transport>-->
    <!--<configure_sip_server_port type="integer">9061</configure_sip_server_port>-->
</config>

    <!--daili test--><!--<config>--><!--<configure_rest_server_protocol type="string">http</configure_rest_server_protocol>--><!--<configure_rest_server_address type="string">223.119.51.211</configure_rest_server_address>--><!--<configure_rest_server_port type="integer">9080</configure_rest_server_port>--><!--<configure_sip_server_address type="string">223.119.51.211</configure_sip_server_address>--><!--<configure_sip_server_port type="integer">9060</configure_sip_server_port>--><!--<configure_orgName type="string">aza0axd1dmdooq</configure_orgName>--><!--<configure_appName type="string">jx338</configure_appName>--><!--<configure_transport type="string">tcp</configure_transport>--><!--<configure_transport type="string">tls</configure_transport>--><!--<configure_sip_server_port type="integer">9061</configure_sip_server_port>--><!--</config>-->