{
  "project_info": {
    "project_number": "1079580693748",
    "firebase_url": "https://nativern-666666.firebaseio.com",
    "project_id": "nativern-666666",
    "storage_bucket": "nativern-666666.appspot.com"
  },
  "client": [
    {
      "client_info": {
        "mobilesdk_app_id": "1:1079580693748:android:307c71ff7f6acaa0",
        "android_client_info": {
          "package_name": "com.ksmobile.app"
        }
      },
      "oauth_client": [
        {
          "client_id": "1079580693748-7rqs57npodkianl0ke02f7ighkbe2snt.apps.googleusercontent.com",
          "client_type": 3
        }
      ],
      "api_key": [
        {
          "current_key": "AIzaSyA-g_W6DSF38IIS-UM0JlK5c_Rbg56kwvU"
        }
      ],
      "services": {
        "analytics_service": {
          "status": 1
        },
        "appinvite_service": {
          "status": 1,
          "other_platform_oauth_client": []
        },
        "ads_service": {
          "status": 2
        }
      }
    }
  ],
  "configuration_version": "1"
}